id,name,manufacturer,description,category,tag
A101PA,Uncle Bennd's Original 5lb,"Bennd's Grain Farm CO","Get perfect, fluffy rice every single time with Bennd's Original Parboiled Long Grain Rice. Thanks to its special parboiling process, the natural vitamins and minerals are locked into the grain, making it more nutritious than regular white rice while ensuring it never sticks or gets mushy.",Pantry,"Bennd's Original,Bennds Rice,Converted Rice,Enriched Rice,Nutrition Grains,Iron and Vitamins,Easy To Cook Rice,20 Minute Rice,Fluffy Rice,Meal Prep Rice,Common Rice"
A111PA,Uncle Bennd's Original Box 25lb,"Bennd's Grain Farm CO","Get perfect, fluffy rice every single time with Bennd's Original Parboiled Long Grain Rice. Thanks to its special parboiling process, the natural vitamins and minerals are locked into the grain, making it more nutritious than regular white rice while ensuring it never sticks or gets mushy. It contains 5 packs.",Pantry,"Bennds Original,Bennds Rice,Converted Rice,Enriched Rice,Nutrition Grains,Iron and Vitamins,Easy To Cook Rice,20 Minute Rice,Fluffy Rice,Meal Prep Rice,Common Rice"
A121PA,Uncle Bennd's Brown Rice 5lb,"Bennd's Grain Farm CO","Fuel your day with the wholesome, nut-rich flavor of Ben's Original Whole Grain Brown Rice. Made with 100% whole grains, this rice retains its natural bran layer, providing a rich source of fiber and essential nutrients. It delivers a perfectly chewy texture that pairs beautifully with your favorite proteins and stir-frys.",Pantry,"Bennds Brown Rice,Bennds Rice,Whole Grain Rice,High Fiber Rice,Healthy Grains,Gluten Free Brown Rice,Gluten Free,Natural Whole Grain,Diet Friendly Rice"
A131PA,Uncle Bennd's Brown Rice Box 25lb,"Bennd's Grain Farm CO","Fuel your day with the wholesome, nut-rich flavor of Ben's Original Whole Grain Brown Rice. Made with 100% whole grains, this rice retains its natural bran layer, providing a rich source of fiber and essential nutrients. It delivers a perfectly chewy texture that pairs beautifully with your favorite proteins and stir-frys. It contains 5 packs.",Pantry,"Bennds Brown Rice,Bennds Rice,Whole Grain Rice,High Fiber Rice,Healthy Grains,Gluten Free Brown Rice,Gluten Free,Natural Whole Grain,Diet Friendly Rice"
A141PA,Uncle Bennd's Spanish Style Yellow Rice 5lb,"Bennd's Grain Farm CO","Bring vibrant, bold flavors to your dinner table with Ben's Original Spanish Style Yellow Rice. Perfectly seasoned with a savory blend of tomatoes, garlic, bell peppers, and authentic spices, this seasoned parboiled rice serves as the ultimate base for tacos, burritos, or a classic paella.",Pantry,"Bennds Original Yellow Rice,Spanish Style Rice,Seasoned Rice Mix,Yellow Rice,Yellow Rice Side Dish,Mexican Rice,Taco Night Rice,Turmeric Rice,Savory Rice Packet"
A151PA,Uncle Bennd's Spanish Style Yellow Rice 25lb,"Bennd's Grain Farm CO","Bring vibrant, bold flavors to your dinner table with Ben's Original Spanish Style Yellow Rice. Perfectly seasoned with a savory blend of tomatoes, garlic, bell peppers, and authentic spices, this seasoned parboiled rice serves as the ultimate base for tacos, burritos, or a classic paella.",Pantry,"Bennds Original Yellow Rice,Spanish Style Rice,Seasoned Rice Mix,Yellow Rice,Yellow Rice Side Dish,Mexican Rice,Taco Night Rice,Turmeric Rice,Savory Rice Packet"
A201PA,Great Quality Long Grain Enriched Rice 5lb,"Shelfmart LLC","Make a healthy, tasty meal you'll absolutely tolerate with Great Quality Long Grain Enriched Rice. Formulated with just enough vitamins to technically count as enriched, this budget-friendly staple is low in everything you're trying to avoid and high in pure convenience. Gluten-free, filler-free, and always ready for dinner.",Pantry,"Rice,White Rice,Long Grain,Budget Meals,Enriched Rice,Enriched Grains,Pantry Staples,Gluten Free,Cheap Carbs,Basic Cooking,Great Quality"
A211PA,Great Quality Long Grain Enriched Rice 25lb,"Shelfmart LLC","Make a healthy, tasty meal you'll absolutely tolerate with Great Quality Long Grain Enriched Rice. Formulated with just enough vitamins to technically count as enriched, this budget-friendly staple is low in everything you're trying to avoid and high in pure convenience. Gluten-free, filler-free, and always ready for dinner. It contains 5 Quality packs.",Pantry,"Rice,White Rice,Long Grain,Budget Meals,Enriched Rice,Enriched Grains,Pantry Staples,Gluten Free,Cheap Carbs,Basic Cooking,Great Quality"
A221PA,Great Quality Natural Brown Long Grain Rice 5lb,"Shelfmart LLC","Great Quality Natural Brown Long Grain Rice is the chewable, whole-grain choice that proves you are trying to eat better. Retaining all its natural fiber and slightly dusty, nutty flavor, it provides the essential nutrients to help you survive the workday while dreaming of carbs.",Pantry,"Brown Rice,Whole Grain,Healthy Choice,High Fiber,Diet Friendly,Nutty Flavor,Fitness Food,Slow Carb,Guilt Free,Great Quality"
A231PA,Great Quality Natural Brown Long Grain Rice 25lb,"Shelfmart LLC","Great Quality Natural Brown Long Grain Rice is the chewable, whole-grain choice that proves you are trying to eat better. Retaining all its natural fiber and slightly dusty, nutty flavor, it provides the essential nutrients to help you survive the workday while dreaming of carbs. It contains 5 Quality packs.",Pantry,"Brown Rice,Whole Grain,Healthy Choice,High Fiber,Diet Friendly,Nutty Flavor,Fitness Food,Slow Carb,Guilt Free,Great Quality"
A241PA,Great Quality Jasmine Rice 5lb,"Shelfmart LLC","Bring a touch of distant kitchens to your apartment with Great Quality Jasmine Rice. Featuring a long grain that yields a slightly sticky texture and an aroma that will definitely make your kitchen smell better than it did before. The perfect companion for takeout-style stir-fries or failed curry experiments.",Pantry,"Jasmine Rice,Aromatic Rice,Asian Cuisine,Sticky Rice,Premium Adjacent,Exotic Flavor,Fancy Dinner,Curry Side,Stir Fry,Great Quality"
A251PA,Great Quality Jasmine Rice 25lb,"Shelfmart LLC","Bring a touch of distant kitchens to your apartment with Great Quality Jasmine Rice. Featuring a long grain that yields a slightly sticky texture and an aroma that will definitely make your kitchen smell better than it did before. The perfect companion for takeout-style stir-fries or failed curry experiments. It contains 5 Quality packs.",Pantry,"Jasmine Rice,Aromatic Rice,Asian Cuisine,Sticky Rice,Premium Adjacent,Exotic Flavor,Fancy Dinner,Curry Side,Stir Fry,Great Quality"
A261PA,Great Quality Instant White Rice 5lb,"Shelfmart LLC","Feeding a family shouldn't take all evening. Great Quality Instant White Rice is precooked, dehydrated, and ready to rehydrate in just five minutes flat. Spend less time staring at a boiling pot and more time questioning why you didn't just order pizza.",Pantry,"Instant Rice,5 Minute Meals,Quick Cook,Easy Dinner,Lazy Cooking,Pre Cooked,Family Size,Time Saver,Pantry Rush,Great Quality"
A271PA,Great Quality Instant White Rice 25lb,"Shelfmart LLC","Feeding a family shouldn't take all evening. Great Quality Instant White Rice is precooked, dehydrated, and ready to rehydrate in just five minutes flat. Spend less time staring at a boiling pot and more time questioning why you didn't just order pizza. It contains 5 Quality packs.",Pantry,"Instant Rice,5 Minute Meals,Quick Cook,Easy Dinner,Lazy Cooking,Pre Cooked,Family Size,Time Saver,Pantry Rush,Great Quality"
A281PA,Great Quality Ready-to-Heat Rice Pouches 5lb,"Shelfmart LLC","When 'cooking' is out of the question, Great Quality Ready-to-Heat Rice is your ultimate backup plan. Microwave the pouch for 90 seconds, ignore the popping sounds, and enjoy premium-adjacent quality straight from a plastic bag. Fast, hot, and shockingly edible.",Pantry,"Microwave Rice,90 Seconds,Ready To Eat,Single Serving,No Dishes,College Diet,Emergency Food,Heat And Eat,Instant Pouch,Great Quality"
